{"episode_types": ["t", "t", "t", "t", "t", "t", "t", "t", "t", "t", "t", "t", "t", "t", "t", "t", "t", "t", "t", "t", "t", "t", "t", "t", "t", "t", "t", "t", "t", "t", "t", "t", "t", "t", "t", "t", "t", "t", "t", "t", "t", "t", "t", "t", "t", "t", "t", "t", "t", "t", "t", "t", "t", "t", "t", "t", "t", "t", "t", "t", "t", "t", "t", "t", "t", "t", "t", "t", "t", "t", "t", "t", "t", "t", "t", "t", "t", "t", "t", "t", "t", "t", "t", "t", "t", "t", "t", "t", "t", "t", "t", "t", "t", "t", "t", "t", "t", "t", "t", "t"], "episode_lengths": [440, 244, 149, 180, 194, 187, 204, 224, 154, 90, 589, 273, 145, 86, 54, 440, 507, 120, 181, 158, 242, 208, 194, 299, 74, 458, 186, 168, 133, 45, 275, 211, 228, 199, 210, 328, 494, 389, 152, 251, 440, 526, 477, 94, 131, 602, 366, 368, 179, 125, 328, 491, 234, 160, 252, 482, 176, 188, 233, 223, 405, 435, 140, 138, 61, 463, 144, 240, 149, 60, 463, 578, 140, 141, 45, 522, 204, 273, 195, 279, 459, 437, 240, 92, 80, 547, 197, 179, 194, 125, 512, 507, 184, 239, 88, 548, 406, 194, 196, 100], "episode_rewards": [12.0, 9.0, 3.0, 17.0, 7.0, 6.0, 6.0, 9.0, 6.0, 10.0, 17.0, 13.0, 9.0, 12.0, 4.0, 11.0, 23.0, 6.0, 16.0, 32.0, 7.0, 9.0, 12.0, 29.0, 9.0, 12.0, 11.0, 8.0, 13.0, 4.0, 8.0, 5.0, 6.0, 8.0, 11.0, 9.0, 22.0, 13.0, 9.0, 21.0, 11.0, 21.0, 36.0, 19.0, 33.0, 25.0, 9.0, 28.0, 13.0, 9.0, 9.0, 15.0, 13.0, 7.0, 15.0, 13.0, 4.0, 11.0, 12.0, 19.0, 11.0, 14.0, 6.0, 19.0, 11.0, 12.0, 7.0, 13.0, 17.0, 8.0, 12.0, 26.0, 9.0, 22.0, 7.0, 16.0, 6.0, 13.0, 7.0, 22.0, 12.0, 18.0, 22.0, 13.0, 18.0, 17.0, 10.0, 11.0, 4.0, 9.0, 14.0, 29.0, 11.0, 18.0, 10.0, 17.0, 19.0, 4.0, 13.0, 8.0], "timestamps": [1561171882.2333062, 1561171885.335507, 1561171887.060975, 1561171888.9289773, 1561171890.9712744, 1561171892.9784899, 1561171895.1334078, 1561171897.5933764, 1561171899.8337166, 1561171900.8200014, 1561171906.9601948, 1561171909.804011, 1561171911.3099017, 1561171912.2438874, 1561171912.808233, 1561171917.5164263, 1561171923.455893, 1561171924.8059154, 1561171926.691925, 1561171928.3431306, 1561171930.8967469, 1561171933.0666733, 1561171935.0766635, 1561171938.1905763, 1561171938.949122, 1561171943.7150671, 1561171945.631173, 1561171948.0016396, 1561171949.4410365, 1561171949.9341135, 1561171952.811603, 1561171955.0042524, 1561171957.3538723, 1561171959.4210634, 1561171961.6153116, 1561171965.0313294, 1561171970.1954863, 1561171974.2147481, 1561171975.8774445, 1561171978.476107, 1561171983.2660742, 1561171988.82845, 1561171993.7463112, 1561171994.7071388, 1561171996.0875642, 1561172002.4482038, 1561172006.2229939, 1561172010.0593233, 1561172011.909961, 1561172013.1886103, 1561172016.5898068, 1561172021.7108216, 1561172024.1599483, 1561172025.8462417, 1561172028.4456174, 1561172033.4926667, 1561172035.3184083, 1561172037.3391514, 1561172039.7216442, 1561172042.3603494, 1561172046.8864052, 1561172051.4017997, 1561172052.8544588, 1561172054.2921185, 1561172055.5025246, 1561172060.3576145, 1561172061.86134, 1561172064.37733, 1561172065.9272628, 1561172066.557659, 1561172071.3832562, 1561172077.4795482, 1561172079.0295117, 1561172080.540622, 1561172081.0227618, 1561172086.4485767, 1561172088.5464735, 1561172091.3690343, 1561172093.4076903, 1561172096.5065024, 1561172101.5397427, 1561172106.1816823, 1561172108.6858926, 1561172109.6450021, 1561172110.490927, 1561172116.2042432, 1561172118.27292, 1561172120.2042086, 1561172122.2443314, 1561172123.5522482, 1561172128.9036915, 1561172134.145332, 1561172136.0339062, 1561172138.4941478, 1561172139.4588695, 1561172145.4883623, 1561172149.6790473, 1561172151.6681676, 1561172153.6857402, 1561172154.7315395], "initial_reset_timestamp": 1561171876.5567226}