{"episode_lengths": [810, 470, 154, 128, 61, 228, 219, 1023, 23, 23, 469], "initial_reset_timestamp": 1560518126.9391484, "timestamps": [1560518135.7362447, 1560518140.840094, 1560518142.434004, 1560518143.6502376, 1560518144.176392, 1560518146.479086, 1560518148.6820984, 1560518159.5231977, 1560518160.9445007, 1560518161.3923461, 1560518165.3953533], "episode_rewards": [45.0, 99.0, 22.0, 30.0, 8.0, 10.0, 6.0, 235.0, 0.0, 0.0, 16.0], "episode_types": ["t", "t", "t", "t", "t", "t", "t", "t", "t", "t", "t", "t"]}